NO URT,PENGIRIM,NOMOR SURAT,TGL SURAT,TGL TERIMA,ISI RINGKASAN,PENGOLAH
1,BAG.ADM.PEMBANGUNAN ,910/8681/415.10.2.2/2019,43830,43830,PENCERMATAN PEDOMAN PELAKSANAAN APBD TA 2020,SEKRETARIS
2,DINAS TENAGA KERJA,560/18/415.21/2020,43832,43832,TEMB: LAPORAN REALISASI PENYERAPAN APBD TA 2019 PADA DINAS TENAGA KERJA KAB. JOMBANG,IRBAN KEUANGAN
3,BAPPEDA,860/03/415.42/2020,43832,43833,TEMB: LAPORAN ABSENSI ELEKTRONIK BAPPEDA BULAN DESEMBER 2019,
4,DINAS PERUMAHAN DAN PERMUKIMAN,050/1389/415.19/2019,43819,43833,TEMB: TANGGAPAN KONFIRMASI /KLARIFIKASI RADAR MINGGUAN GLOBAL POS,IRBAN PEMBANGUNAN
5,BAPPEDA,050/8599/415.42/2019,43825,43833,PERMINTAAN LAPORAN EVALUASI PELAKSANAAN PEMBANGUNAN TAHUN 2019,
6,BPKAD,940/3325/415.44/2019,43829,43833,TEMB: LAPORAN POSISI KAS HARIAN,IRBAN KEUANGAN
7,KECAMATAN JOGOROTO,800/002/415.67/2020,43832,43836,"LAPORAN DAFTAR HADIR OKTOBER, NOVEMBER, DESEMBER 2019",
8,BKDPP,865/4451/415.41/2019,43830,43836,PEMBERITAHUAN KEWAJIBAN PENGISIAN DAN PENYAMPAIAN LHKPN,
9,BAPPEDA,050/070/415.42/2020,43836,43836,PENYUSUNAN RACANGAN AWAL RKPD TH 2021,
10,KECAMATAN NGORO,824/01/415.70/2020,43832,43836,"TEMB: MENGHADAPKAN PNS A/N AHMAD ANDI A, S. IP SEBAGAI ANALIS PEMBERDAYAAN MASYARAKAT DI KEC. NGUSIKAN",
11,KECAMATAN MOJOAGUNG,,,43836,TEMB : SK A/N SODIKIN DI KEC. MOJOAGUNG,
12,KECAMATAN SUMOBITO,800/009/415.68.2020,43836,43836,LAPORAN DAFTAR HADIR  DESEMBER 2019 KEC. SUMOBITO,
13,DINAS KETAHANAN PANGAN DAN PERIKANAN,800/0044/415.28/2020,43837,43837,DAFTAR HADIR PNS DINAS KETAHANAN PANGAN DAN PERIKANAN BLN DESEMBER 2019,
14,KECAMATAN PETERONGAN,963/ 02/ 415.66/2020,43837,43837,DAFTAR HADIR PNS KEC. PETERONGAN BLN DESEMBER 2019,
15,BADAN PENDAPATAN DAERAH,860/189/415.43/2020,43837,43837,DAFTAR HADIR PNS BADAN PENDAPATAN DAERAH BLN DESEMBER 2019,
16,BAG.ADM.PEMBANGUNAN ,005/095/415.10.2.2/2020,43837,43837,UND : PERCEPATAN PELAKSANAAN ANGGARAN TH 2020/ R SEKDA KAB /8 JAN 2020/ 13.00 WIB,
17,BAG.ADM.PEMBANGUNAN ,005/071/415.10.2.2/2020,43836,43837,UND : RAPAT EVALUASI PENYERAPAN ANGGARAN TRIBULAN IV MELALUI APLIKASI SIPEM / R SOERO I / 9 JAN 2020/ 08.00 WIB,
18,BAG.ADM.PEMBANGUNAN ,900/072/415.10.2.2/2020,43836,43836,PERMINTAAN DATA PA / PPK DAN PEJABAT PENGADAAN,
19,DPMPTSP,072/005/415.35/2020,43836,43837,TEMB : IZIN PENELITIAN A/N IKA ROSSI AGUSTIN / UNIVERSITAS HASYIM ASY'ARI TEBUIRENG JOMBANG,
20,SMP NEGERI 2 PETERONGAN,800/008/415.14.22/2020,43837,43838,DAFTAR HADIR GURU DAN STAF TATA USAHA BULAN DESEMBER 2019,
21,BAG. ADM. PEMERINTAHAN,005/098/415.10.1.1/2019,43837,43838,"UND : RAPAT TEKNIS PENYUSUNAN LKPj BUPATI TAHUN 2019 / TUTUK MAHMULAH, SE/ 9 JAN 2020/ 08.30 WIB",
22,DINAS PEMUDA OLAHRAGA DAN PARIWISATA,426/23/415.25/2020,43838,43838,PEMBERITAHUAN SENAM RUTIN SKJ MINGGUAN DI ALUN-ALUN JOMBANG TH ANGGARAN 2020,
23,BAPPEDA,005/53/415.42/2020,43838,43838,UND : RAPAT KOORDINASI BERKADANG DAN RKPD TAHUN 2021/ 9 JAN 2020/ 09.00 WIB,
24,KEC. PLOSO,863/009/415.60/2020,43837,43838,TEMB : SURAT PANGGILAN DINAS A/N IWAN SUNARTO / PETUGAS KEAMANAN KEC. PLOSO,IRBAN PEMERINTAHAN
25,BAG. ADM. PEMERINTAHAN,005/125/415.10.1.1/2020,43838,43838,UND: RAPAT KOORDINASI DAN SINERGI PENYELENGGARAAN PEMERINTAHAN DI PROV JATIM TH 2020 / 9 JANUARI 2020/ 08.00 WIB,
26,SATPOL PP,800/010/415.40/2020,43838,43838,TEMB : LAPORAN PENUGASAN PNSD A/N SUJONO/ PETUGAS KEAMANAN SATPOL PP KAB JOMBANG,
27,ARSADA,77/ARSADA/UMUM/XII/2019,43829,43838,UNDANGAN PELATIHAN IMPLEMENTASI PPK-BLUD,
28,SARJONO,082b/DIS/120530160010/2019,43830,43838,KUESIONER PENELITIHAN,
29,BAG.UMUM DAN PERLENGKAPAN ,005/120/415.10.3.1/2020,43838,43838,UND: APEL GELAR PASUKAN PENANGGULANGAN BENCANA ALAM DI WIL KAB JOMBANG,
30,BAPPEDA,050/41/415.42/2019,07 Januari 2020,09 Januari 2020,KOORDINASI PELAKSANAAN E- POKIR DLM RKPD THN 2021/RABU/8 JAN 2020/08.30WIB/R.RPT BAPPEDA,
31,DINAS TENAGA KERJA,870/49/415.21/2019,  JAN 2019,09 Januari 2020,LAP.ABSENSI,
32,BPKAD,940/0007/415.44/2019,02 Januari 2020,09 Januari 2020,TEMB : LAP.POSISI KAS HARIAN,IRBAN KEUANGAN
33,DPMD,005/151/415.33/2020,09 Januari 2020,09 Januari 2020,PENCERMATAN DRAFT PERBUP THN 2020 TTG DESA/JUMAT/10 JAN 2019/09.00/SWAGATA,IRBAN PEMERINTAHAN
34,BAG.ADM.PEMBANGUNAN ,130/22/415.10.1.1/2020,08 Januari 2020,09 Januari 2020,PERMINTAAN DATA DLM RANGKA PENYUSUNAN LKPj TAHUN 2019,SEKRETARIS
35,BAG.ADM.PEMBANGUNAN ,910/085/415.10.2.2/2020,06 Januari 2020,09 Januari 2020,PERMINTAAN TIM TEKNIS PENYUSUNAN PEDOMAN PELAKSANAAN APBD TA 2021,SEKRETARIS
36,DPMPTSP,800/2032/415.35/2020,08 Januari 2020,09 Januari 2020,LAP.ABSENSI,
37,SK KEPALA DESA WATUDAKON,01 TAHUN 2020,-,09 Januari 2020,SK TTG PENUNJUKAN DAN PENGANGKATAN  TENAGA HONORER PELAYANAN DS WATUDAKON KEC.KESAMBEN,SEKRETARIS
38,DINAS KESEHATAN,443.32/8674/415.17/2019,21 DES 2019,09 Januari 2020,SE TTG GERAKAN PSN 3M  PLUS,SEKRETARIS
39,KEC.KABUH,800/11/5415.62/2020,07 Januari 2020,09 Januari 2020,LAP.ABSENSI,
40,DISPENDUKCAPIL,855/1940/415.39/2019,2 DES 2019,09 Januari 2020,LAPORAN IJIN CUTI TAHUNAN AN.TATIK SRI BERDIKARIWATI DKK,IRBAN PEMERINTAHAN
41,BAGIAN PENGADAAN BARANG DAN JASA,094/121/415.10.2.3/2020,08 Januari 2020,09 Januari 2020,SE TTG JABATAN FUNGSIONAL PENGELOLA PENGADAAN BRANG DAN JASA,SEKRETARIS
42,"DINAS PENGENDALIAN PENDUDUK ,KB, PPPA",800/50/415.41/2020,07 Januari 2020,09 Januari 2020,LAP.ABSENSI,
43,BKDPP,188/14/415.41/2020,07 Januari 2020,09 Januari 2020,PERBUP JOMBANG NO.73 THN 2019 TTGL 9 DES 2019 TTG MEKANISME PERPINDAHAN TUGAS PNS DI LINGKUNGAN PEMKAB,SEKRETARIS
44,KECAMATAN DIWEK,800/27/415.54/2020,43838,43840,LAPORAN DAFTAR PNS HADIR KEC DIWEK BLN DESEMBER 2019,
45,PERSH DAERAH PANGLUNGAN,879/36/415.52/2020,43840,43840,LAPORAN DAFTAR HADIR PNS BLN DESEMBER 2020,
46,BAG. ADM. KESRA,005/189/415.10.2.1/2020,43840,43840,UND: RAPAT KOORDINASI BERAS UNTUK ASN,SEKRETARIS
47,DINAS PERUMAHAN DAN PERMUKIMAN,910/8664/415.19/2019,30 DES 2019,43843,TEMB :LARANGAN BERJUALAN DAN MENDIRIKAN BANGUNAN DI ATAS TROTOAR/ SALURAN DRAINASE ,SEKRETARIS
48,DINAS PERUMAHAN DAN PERMUKIMAN,910/17/415.19/2020,43839,43843,PERMOHONAN PROBITY AUDIT PENYUSUNAN DED DRAINASE KAWASAN JL.KH WAHID HASYIM,IRBAN PEMBANGUNAN
49,DPMPTSP,900/0023/415.35/20120,43838,43843,LAP.REALISASI PENERIMAAN RETRIBUSI DAERAH BLN DESEMBER 2019,IRBAN KEUANGAN
50,DPRD KAB.JOMBANG,005/835/415.14/2019,30 DES 2019,43843,REKOMENDASI TTG PEMBANGUNAN GEDUNG PUSKESMAS MOJOWARNO,IRBAN PEMBANGUNAN
51,BAPPEDA,065/88/415.42/2020,43843,43843,PERMOHONAN DATA HASIL PENILAIAN EVALUASI MASING - MASING OPD PADA KOMPONEN PERENCANAAN,SEKRETARIS
52,BPKAD,032/8657/415.44/2019,30 DES 2019,43843,PENYUSUNAN RKBMD PEMINDAHTANGANAN 2021 ,IRBAN KEUANGAN
53,KEC.PERAK,824/12/415.56/2020,43840,43843,TEMB :PENGHADAPAN PNS AN.CHOLILUL UZAIR,IRBAN PEMERINTAHAN
54,BAPPEDA,005/96/415.42/2020,43843,43843,"DESK EVALUASI  HASIL PELAKSANAAN RKPD 2019/SELASA,RABU,DAN JUMAT/14,15,17/R.RPT BAPPEDA LT.1",PPE
55,UPTD WILAYAH KERJA PENDIDIKAN KEC.NGUSIKAN,421.2/12/415.16.12/2020,43843,43844,LAP.ABSENSI,
56,BPKAD,005/064/415.44/2020,43836,43844,RAKOOR PRA PENYUSUNAN STANDART SATUAN HARGA PEMKAB JOMBANG THN 2021/RABU/22 JAN 2020/09.00WIB/R/RPT BPKAD,KASUBAG PERENCANAAN
57,DINAS KOPERASI DAN USAHA MIKRO,800/83/415.26/2019,43849,43844,LAP.ABSENSI,
58,DINAS PERHUBUNGAN,005/057/415.22/2020,43844,43844,RAKOOR PENDAPATAN ASLI DAERAH PARKIR BERLANGANAN/RABU/15 JAN 2020/09.00WIB,IRBAN KEUANGAN
59,BAPPEDA,065/94/415.42/2020,43843,43844,PERMOHONAN DATA TUGAS PEMBANTUAN,KASUBAG UMUM
60,BAG.ADM.PEMBANGUNAN ,050/224/415.10.2.2/2020,43843,43844,PERMINTAAN DATA TARGET KEUANGAN DAN FISIK / KEGIATAN,KASUBAG UMUM
61,"DINAS KEPEMUDAAN ,OLAHRAGA DAN PARIWISATA",426/57/415.25/2020,43844,43844,TEMB : PEMOTONGAN POHON DAN LAMPU TAMAN STADION,KASUBAG UMUM
62,BKDPP,824.3/244/415.41/2019,11  NOP 2019,43844,"PENEMPATAN PNS AN.TONY WARTONO, SE DI DINAS KOMUNIKASI DAN INFORMATIKA",IRBAN PEMERINTAHAN
63,INSPEKTORAT JOMBANG,900/50/415.15/2020,43844,43844,PERMINTAAN DOKUMEN  UNTUK REVIU LAPORAN KEUANGAN ,KASUBAG UMUM
64,KEC.MOJOWARNO,140/21/415.71/2020,43844,43844,TEMB : PERMOHONAN Plt.KADES KARANGLO,IRBAN PEMERINTAHAN
65,DINAS PERHUBUNGAN,970/052/415.22/2020,    JAN 2020,43844,LAP.SPJ FUNGSIONAL BENDAHARA PENERIMA SKPD BAG.BULAN DESEMBER 2019,IRBAN KEUANGAN
66,ARSADA,55/ARSADA/UMUM/XII/2019,30 DES 2019,43845,UNDANGAN BIMTEK PPK-BLUD,SEKRETARIS
67,RSUD JOMBANG,005/476/415.47/2019,43845,43845,RAKOOR TINDAKLANJUT BPK PENAGIHAN DAN PENYELESAIAN PIUTANG PASIEN UMUMRSUD JOMBANG/KAMIS/16 JAN 2020/08.30WIB/R.PERTEMUAN SOEDJITO,IRBAN KEUANGAN
68,PERUSDA SEGER,800/005/415.20/2020,43837,43845,LAP.ABSENSI,
69,BAPPEDA,050/92/415.42/2020,43843,43845,RAKOOR PELAKSANAAN MUSRENBANG KEC.2020 DLM RANGKA PENYUSUNAN RKPD KAB.JOMBANG THN 2021/KAMIS/16 JAN 2020/08.30WIB/R.RPT BAPPEDA,
70,BAG.PENGADAAN BARANG DAN JASA,027/255/415.10.2.3/2020,43844,43845,PERMOHONAN KEGIATAN PEKERJAAN KONSTRUKSI PERENCANAAN T-1,SEKRETARIS
71,BAG.PENGADAAN BARANG DAN JASA,027/221/415.10.2.3/2020,43843,43845,PERSYARATAN TENDER TA 2020,SEKRETARIS
72,DINAS PERPUSTAKAAN DAN ARSIP ,045/2225/415.36/2020,43843,43845,PENYERAHAN ARSIP IN- AKTIF,
73,BAG.UMUM DAN PERLENGKAPAN ,005/260/415.10.3.1/2020,43844,43845,PISAH SAMBUT KEPALA KEJAKSAAN NEGERI JOMBANG/KAMIS/16 JAN 2020/19.00WIB/R.BUNG TOMO,SEKRETARIS
74,BAGIAN HUKUM,005/39/415.10.1.3/2020,43844,43845,RAKOOR RANCANGAN PERBUP JOMBANG TTG PEDOMAN PELAKSANAAN PENDAFTARAN TANAH SISTEMATIS LENGKAP MELALUI DANA MASYARAKAT DI KAB.JOMBANG/KAMIS/16 JAN 2020/08.00WIB/R.RPT SEKDA,
75,DINAS LINGKUNGAN HIDUP,660/169/415.34/2020,43846,43846,TEMB : PEMOTONGAN POHON DAN LAMPU TAMAN STADION,IRBAN PEMBANGUNAN
76,DINAS  PERUMAHAN DAN PERMUKIMAN,050/26/415.19/2020,13 JAN UARI 2020,16 JANUARI 2020,TEMB : PEMBERITAHUAN MELAKSANAKAN PENGADAAAN LANGSUNG SECARA NON TRAMSAKSIONAL,IRBAN PEMBANGUNAN
77,KPP PRATAMA JOMBANG,S-298/WPJ.24/KP.16/2020,14 JANUARI 2020,16 JANUARI 2020,BIMTEK PEMBUATAN BUKTI POTONG PPh Pasal 21/Selasa/21 Januari 2020/09.00WIB/AULA KPP PRATAMA JOMBANG,KA SUB BAG UMUM
78,DINAS PERUMAHAN DAN PERMUKIMAN,910/22/415.19/2020,43840,43846,TEMB  : PERMOHONAN PENGHAPUSAN ASET RTH DAN JALUR SEPEDA / BECAK JL.KH.WAHID HASYIM,IRBAN KEUANGAN
79,DPMD,410/1.33/202093/415,43840,43846,TEMB : PENYUSUNAN RPJMDESA,IRBAN PEMERINTAHAN
80,BPKAD,940/0053/415.44/2020,43843,43846,TEMB : LAP.POSISI KAS HARIAN,IRBAN KEUANGAN
81,DPUPR,602/.18/2020129/415,43845,43846,PERMOHONAN REKOMENDASI SANKSI DAFTAR HITAM,IRBAN PEMBANGUNAN
82,DPUPR,602/115/415.18/2020,43844,43846,PERMOHONAN PROBITY AUDIT PENYUSUNAN DED DRAINASE KAWASAN JL.KH WAHID HASYIM,IRBAN PEMBANGUNAN
83,BAG.AD.PEMERINTAHAN,138/8691/415.10.1.1/2019,31 DES 2019,43846,HASIL PENILAIAN SINERGITAS KINERJA KECAMATAN THN 2019,IRBAN PEMERINTAHAN
84,DINAS PENDIDIKAN DAN KEBUDAYAAN,800/182/415.16/2020,14 JANUARI 2020,16 JANUARI 2020,PERMOHONAN IJIN CERAI AN.STEFFY FRIYANTI,IRBAN PEMERINTAHAN
85,DINAS KETAHANAN PANGAN DAN PERIKANAN,027/0017/415.28/2020,43833,43846,BERITA ACARA STOCK OPNAME ,IRBAN KEUANGAN
86,DINAS KOMUNIKASI DAN INFORMATIKA,900/038/415.23/2020,43844,43846,LAP.ABSENSI,
87,RSUD PLOSO,032/1310.3/415.48/2019,31 DES 2019,16 JANUARI 2020,TEMB : PENGHAPUSAN ASET,IRBAN KEUANGAN
88,DPUPR,005/301/415.19/2020,43845,43846,SERAH TERIMA BANTUAN PEMERINTAH UTK MASYARAKAT ( BPM ) PROGRAM KOTAKU/RABU/22 JAN 2020/08.30WIB/DS MADE KEC.KUDU,KA SUB BAG UMUM
89,BPKAD ,900/8501/415.44/2019,43819,43847,Laporan keuangan,
90,SEKRETARIAT DAERAH ,900/ 007/415.10.2.2/2020,43832,43847,SURAT PENGANTAR BUKU PEDOMAN PELAKSANAAN APBD 2020,
91,SEKRETARIAT DAERAH ,050/344/415.10.2.2/2020,43846,43847,PERMINTAAN DATA USULAN OPERATOR SIPEM ,
92,SMPN 3 JOMBANG ,800/009/415.16.155/2020,43845,43847,SURAT PENGANTAR DAFTAR HADIR GURU DAN KARYAWAN ,
93,"BADAN KEPEGAWAIAN DAERAH, PENDIDIKAN DAN PELATIHAN ",880/103/415.41/2020,43845,43847,PEMBERITAHUAN USULAN PENSIUN JANDA /DUDA PNS YANG MENINGGAL DUNIA ,
94,KPRI SEJATERA ,003/B.2/5.25/I/2020,43844,43847,UNDANGAN RAT TAHUN BUKU 2019 KPRI SEJAHTERA ,
95,BPKAD,900/8501/415.44/2019,44185,43847,LAPORAN KEUANGAN ,KA SUB BAG UMUM
96,"BADAN KEPEGAWAIAN DAERAH, PENDIDIKAN DAN PELATIHAN ",880/103/415.41/2020,43845,43847,PEMBERITAHUAN USULAN PENSIUN JANDA /DUDA PNS YANG MENINGGAL DUNIA ,KA SUB BAG UMUM
97,KPRI SEJATERA ,003/B.2/5.25/I/2020,43844,43847,UNDANGAN RAT TAHUN BUKU 2019 KPRI SEJAHTERA ,KA SUB BAG UMUM
98,SEKRETARIAT DAERAH ,050/344/415.10.2.2/2020,43846,43847,8I ,KA SUB BAG UMUM
99,SEKRETARIAT DAERAH ,900/007/415.10.2.2/2020,43832,43847,SURAT PENGANTAR BUKU PEDOMAN PELAKSANAAN APBD 2020,KA SUB BAG UMUM
100, BPKAD ,028/0080/415.44/2020,43847,43850,TELAAH STAF DAN PERMOHONAN PEMANFAATAN BMD,IRBAN KEUANGAN
101,SEKRETARIAT DAERAH ,005/58/415.10.3.3/2020,43847,43850,UNDANGAN RAPAT KOORDINASI PEMBAHASAN SOTK SEKRETARIAT DAERAH,KA SUB BAG EVALUASI
102,SEKRETARIAT DAERAH ,005/400/415.10.1.1/2020,43850,43850,RAPAT KOORDINASI PEMBAHASAN PERPANJANGAN MOU ANTARA STIE PGRI DAN PEMKAB ,IRBAN KEUANGAN
103,SEKRETARIAT DAERAH ,005/403/415.10.2.2/2020,43850,43850,PEMBAHASAN PELAKSANAAN KEGIATAN TAHUN ANGGARAN 2020,
104,DINAS PERUMAHAN DAN PERMUKIMAN,910/17/415.19/2020,43839,43850,PERMOHONAN PROBITY AUDIT PENYUSUNAN DED DRAINASE KAWASAN JL.KH WAHID HASYIM,IRBAN PEMBANGUNAN
105,DPRD KAB.JOMBANG,005/835/415.14/2019,43829,43850,REKOMENDASI TTG PEMBANGUNAN GEDUNG PUSKESMAS MOJOWARNO,IRBAN PEMBANGUNAN
106,KECAMATAN TEMBELANG,863/039/415.58/2019,43850,43850,LAPORAN ABSENSI FINGERPRINT,
107,BPPD,005/165/415.42/2020,43850,37276,INPUT PROGAM DI SIMDA INTEGRASI,SEKRETARIS
108,SEKRETARIAT DAERAH ,005/292/415.42/2020,43845,43850,UNDANGAN FORUM KONSULTASI PUBLIK RANCANGAN AWAL RKPD TAHUN 2021,SEKRETARIS
109,DPPKB,900/158/415.38/2020,43847,43850,USULAN PERGESERAN NOMER REKENING DIKEGIATAN BOKB (DAK NON FISIK TAHUN 2020),IRBAN KEUANGAN
110,KECAMATAN KABUH,140/36/415.62/2020,43851,43851,LAPORAN KEJADIAN KASUS NARKOTIKA GOLONGAN I,IRBAN PEMERINTAHAN
111,BPKAD,940/0082/415.44/2020,43846,43851,LAPORAN POSISI KAS HARIAN,IRBAN KEUANGAN
112,SEKRETARIAT DAERAH ,814/111/415.41/2020,43845,43851,PELAPORAN SKP DAN PRESTASI KERJA PNS  (e-Lapkin) TAHUN 2019,KA SUB BAG UMUM
113,RSUD,900/277/415.47/2020,43840,43851,LAPORAN PENERIMAAN RSUD KAB JOMBANG,IRBAN KEUANGAN
114,DINAS PERUMAHAN DAN PERMUKIMAN,910/299/415.19/2020,43845,43851,MENINDAKLANJUTI HASIL MONITORING DI LOKASI TROTOAR/ DRAINASE YANG BARU SELESAI DI BANGUN,IRBAN PEMBANGUNAN
115,BADAN PENDAPATAN DAERAH,900/119/415.43/2020,43851,43851,PERMOHONAN USULAN TAMBAHAN ANGGARAN TAHUN 2021-2023,IRBAN KEUANGAN
116,DINAS KEPENDUDUKAN DAN PENCATATAN SIPIL,800/170/514.39/2020,43851,43851,LAPORAN ABSENSI BULAN DESEMBER 2019,
117,BPBD,134/80/415.46/2020,43851,43851,RESTRUKTURISASI ORGANISASI BADAN PENANGGULANGAN BENCANA DAERAH KABUPATEN JOMBANG,IRBAN PEMBANGUNAN
118,BKDPP,814/300/415.41/2019,43830,43851,SK BUPATI JOMBANG TTG SURAT PERJANJIAN KERJA WAKTU TERTENTU TENAGA SUKARELAWAN DENGAN STATUS KONTRAK PEMERINTAH KABUPATEN JOMBANG TAHUN 2020,KA SUB BAG UMUM
119,BPR "BANK JOMBANG",900/59/415.51/2020,43851,43851,RAPAT UMUM PEMEGANG SAHAM DAN EVALUASI KINERJA TAHUN 2019 PT BPR BANK JOMBANG,
120,BKDPP,800/4322/415.41/2019,43822,43852,PERMINTAAN DATA PEGAWAI NEGERI SIPIL DAERAH YANG BERKAITAN DENGAN PERPAJAKAN PERIODE JANUARI s.d DESEMBER 2018,SEKRETARIS
121,BKDPP,865/85/415.41/2020,43840,43852,UNDANGAN RAPAT TEKNIS FINGER PRINT ONLINE,
122,BKDPP,005/228/415.41/2020,43852,43852,UNDANGAN PENYERAHAN KEPUTUSAN PENSIUN PNS,
123,BKDPP,826.4/223/415.41/2020,43852,43852,PERMOHONAN PENGAKTIFAN KEMBALI PNS,IRBAN PEMERINTAHAN
124,BAGIAN UMUM DAN PERLENGKAPAN,005/483/415.10.3.1/2020,43852,43852,UNDANGAN SANTRI DIGITAL FEST DAN RAPAT KERJA NASIONAL IPPNU BERSAMA DENGAN WAKIL PRESIDEN RI,SEKRETARIS
125,BAGIAN ORGANISASI,005/394/415.10.3.3/2020,43850,43852,BINTEK TATA KELOLA INOVASI PELAYANAN PUBLIK ,SEKRETARIS
126,DINAS PU DAN PENATAAN RUANG,800/78/415.18/2020,10 Janauri 2020,43853,DAFTAR HADIR DAN ABSENSI PEGAWAI,
127,BPKP,S-326/PW13/6/2020,43847,43853,ATENSI UPAYA PENINGKATAN KAPABILITAS APIP,SEKRETARIS
128,DINAS PENANAMAN MODAL DAN PTSP,072/005/415.35/2020,43836,43853,SURAT IZIN PENELITIAN,SEKRETARIS
129,DINAS PMD,050/85/415.33/2020,43853,43853,SURAT PENGANTAR FINGERPRINT,
130,BPKP,S-457/PW13/2/2020,43853,43853,RAPAT KOORDINASI PENGAWASAN PENGADAAN CPNS TAHUN 2019,SEKRETARIS
131,DINAS PERUMAHAN DAN PERMUKIMAN,050/49/415.19/2020,43850,43853,PENGAJUAN USULAN PENETAPAN SANKSI DAFTAR HITAM,IRBAN PEMBANGUNAN
132,DINAS PENDIDIKAN DAN KEBUDAYAAN,005/460/415.16/2020,43851,43853,UNDANGAN RAKOR DAN PENYUSUNAN PROGRAM TPMPD ,
133,BAGIAN ORGANISASI,900/  /415.10.3.3/2019,23 JANUARII 2020,43854,LAPORAN KEUANGAN,
134,BIDIK,011/Konfir/BN/I/2020,43850,43857,"KONFIRMASI INDIKASI DUGAAN PENYIMPANGAN DALAM REALISASI KEGIATAN PENGADAAN Arm Roll Truck (DAK), PENGADAAN KONTAINER, PENGADAAN COMPACTER SAMPAH DAN PENGADAAN Truck Arm Roll (PAPBD) DINAS LINGKUNGAN HIDUP KABUPATEN JOMBANG TAHUN 2019",IRBAN PEMBANGUNAN
135,DINAS PMD,005/101/415.33/2020,43857,43857,UNDANGAN KOORDINASI PELAKSANAAN PEMBANGUNAN DESA TAHUN 2020,IRBAN PEMERINTAHAN
136,BPKAD,028/0080/415.44/2020,43847,43857,TELAAH STAF PERMOHONAN PEMANFAATAN BMD,IRBAN KEUANGAN
137,SATPOL PP,800/074/415.40/2020,43857,43857,LAPORAN KETIDAKHADIRAN PNSD a.n CHOLILUL UZAIR,IRBAN PEMEERINTAHAN
138,KECAMATAN JOMBANG,005/48/415.53/2020,43857,43858,UNDANGAN RAPAT KOORDINASI PERSIAPAN LELANG PEMBANGUNAN GEDUNG KANTOR CAMAT JOMBANG TA 2020,
139,BAGIAN ADMINISTRASI KESRA,005/590/415.10.1.2/2020,43858,43858,UNDANGAN RAPAT KOORDINASI PENGELOLAAN ASET ISLAMIC CENTER Dr. H. MOELDOKO ,
140,BIRO JOMBANG,018/KKR/HUTPERS/2020,43858,43858,UNDANGAN/DONATUR (SPONSORSHIP) HUT PERS,
141,BPKAD,032/064/415.44/2020,43836,43858,PRA PENYUSUNAN STANDART SATUAN HARGA 2021,
142,TPKPNS,005/03/TPKPNS/2020,43858,43858,UNDANGAN RAPAT TIM PENILAI KINERJA PNS,
143,MENDAGRI,700/352/1J,43858,43858,PENGAWASAN PENGADAAN CPNS TAHUN 2019 OLEH APIP PEMDA KMA,
144,DINAS PMD,1405/113/415.33/2020,43858,43858,PERMOHONAN NARASUMBER DALAM RANGKA PELAKSANAAN SOSIALISASI PERATURAN BUPATI JOMBANG DAN LAUNCHING PENCAIRAN APBDESA TAHUN 2020,
145,DINAS PMD,005/579/415.33/2020,43858,43858,UNDANGAN DALAM RANGKA PELAKSANAAN SOSIALISASI PERATURAN BUPATI JOMBANG DAN LAUNCHING PENCAIRAN APBDESA TAHUN 2020,
146,BPKAD,940/102/415.44/2020,43852,43858,LAPORAN POSISI KAS HARIAN,
147,BAGIAN ADMINISTRASI PEMERINTAH,005/588/415.10.1.1/2020,43858,43859,UNDANGAN RAPAT KOORDINASI PEMBAHASAN NOTA KESEPAKATAN BERSAMA (MoU) ANTARA STKIP PGRI JOMBANG DENGAN PEMERINTAH KABUPATEN JOMBANG,IRBAN KEUANGAN
148,KECAMATAN JOMBANG,005/52/415.53/2020,43857,43859,UNDANGAN RAPAT KOORDINASI PERSIAPAN LELANG PEMBANGUNAN GEDUNG KANTOR CAMAT JOMBANG TA 2020,IRBAN PEMBANGUNAN
149,BAGIAN ADMINISTRASI KESRA,005/307/415.10.1.2/2020,43845,43859,UNDANGAN ISTIGHOSAH DAN PENGAJIAN RUTIN JUMAT LEGI,SEKRETARIS
150,BAGIAN ADMINISTRASI KESRA,005/308/415.10.1.2/2020,43845,43859,UNDANGAN ISTIGHOSAH DAN PENGAJIAN RUTIN JUMAT LEGI BESERTA SEMUA STAF YANG BERAGAMA ISLAM,SEKRETARIS
151,KECAMATAN KABUH,005/46/415.62/2020,43857,43859,UNDANGAN SOSIALISASI PENCEGAHAN TENTANG BAHAYA NARKOBA,SEKRETARIS
152,BAGIAN UMUM DAN PERLENGKAPAN,870/600/415.10.3.1/2020,43858,43859,LAPORAN KEPEGAWAIAN,SEKRETARIS
153,LPPSP,015/LPPSP/A-2/I/2020,43845,43859,UNDANGAN PELATIHAN  TOT-PPRG,SEKRETARIS
154,BKDPP,800/335/415.41/2020,43859,43859,ABSENSI KEHADIRAN SENAM PAGI,SEKRETARIS
155,BAGIAN ADMINISTRASI PEMERINTAH,065/500/415.10.1.1/2020,23 JANUARII 2020,43859,PENAMBAHAN PERMINTAAN DATA DAN INFORMASI DALAM RANGKA PENYUSUNAN LPPD TAHUN 2019,SEKRETARIS
156,SEKRETARIAT DAERAH SURABAYA,127/1347/011.2/2020,43854,43859,PENYERAHAN TERMINAL TIPE B,IRBAN KEUANGAN
157,BKDPP,800/343/415.41/2020,43859,43859,PEMBERITAHUAN PELAKSANAAN KERJA BAKTI,SEKRETARIS
158,INSPEKTORAT SIDOARJO,700/271/060/2020,43859,43860,INVENTARISASI PELAKSANAAN PP No. 72 Tahun 2019,SEKRETARIS
159,JEC YOGYAKARTA,,,43860,UNDANGAN SEMINAR KEBIJAKAN PENGADAAN BARANG DAN JASA ,KA SUB BAG UMUM
160,DINAS LINGKUNGAN HIDUP,005/653/415.34/2020,43859,43860,KERJA BAKTI JUMAT BERSIH,KA SUB BAG UMUM
161,BAGIAN ORGANISASI,800/101/415.10.3.3/2020,43860,43860,PENYAMPAIAN HASIL ANALISA BEBAN KERJA,SEKRETARIS
162,BPPD,050/242/415.42/2020,43858,43860,PERMINTAAN ANGGOTA TIM TEKNIS,IRBAN PEMERINTAHAN
163,BPKAD,005/166/415.44/2020,43859,43860,UNDANGAN PEMBAHASAN PELAKSANAAN DAN PELAPORAN KEGIATAN YANG DIBIAYAI DARI DANA INSENTIF DAERAH (DID) TAHUN ANGGARAN 2020,KA SUB BAG UMUM
164,DINAS PERDAGANGAN DAN PERINDUSTRIAN,910/485/415.32/2020,43860,43860, L ,SEKRETARIS
165,BAGIAN ADMINISTRASI PEREKONOMIAN,005/030/415.10.2.1/2020,43860,43860,UNDANGAN RAPAT KOORDINASI BUMD,IRBAN EKONOMI KESRA                                                                                                                                                                                                                                                                                                                                                                                                                                                                                  
166,RESORT JOMBANG,B/22/I/RES.1.24/2020/SATRESKRIM,43857,43860,PERMOHONAN PEMERIKSAAN AUDIT,IRBAN PEMERINTAHAN
167,RESORT JOMBANG,B/27/I/RES.1.24/2020/SATRESKRIM,43857,43860,PERMOHONAN PEMERIKSAAN TINDAK PIDANA KORUPSI,IRBAN EKONOMI KESRA
168,DINAS PERDAGANGAN DAN PERINDUSTRIAN,005/703/415.32/2020,43860,43860,"UNDANGAN PEMAPARAN HASIL DED PASAR TUNGGORONO, DED PASAR BARENG, DED PASAR MOJOWARNO DAN STUDI KELAYAKAN PASAR MOJOAGUNG SEBELAH BARAT",IRBAN PEMBANGUNAN
169,BAGIAN ADMINISTRASI PEMBANGUNAN,005/735/415.10.2.2/2020,43861,43861,UNDANGAN RAPAT KOORDINASI INTEGRASI PEMBANGUNAN TAHUN ANGGARAN 2021,IRBAN EKONOMI KESRA
170,BAGIAN ORGANISASI,065/0733/415.10.3.3/2020,43861,43861,UNDANGAN RAPAT KOORDINASI PERSIAPAN PENYUSUNAN LKJIP DAN TINDAK LANJUT HASIL EVALUASI SAKIP 2019,IRBAN KEUANGAN
171,BPPD,005/267/415.42/2020,43860,43861,UNDANGAN PENYUSUNAN PERENCANAAN PENGANGGARAN RESPONSIF GENDER  ( PPRG ) TAHUN 2020,SEKRETARIS
172,DPUPR,883/246/415.18/2020,43858,43861,LAPORAN KEMATIAN,SEKRETARIS
173,BAGIAN UMUM DAN PERLENGKAPAN,005/737/415.10.3.1/2020,43861,43861, UNDANGAN PERESMIAN PROGRAM PEMBANGUNAN TAHUN 2019,KA SUB BAG UMUM
174,BPPD,005/267/415.42/2020,43861,43861,UNDANGAN PENYUSUNAN PERENCANAAN PENGANGGARAN RESPONSIF GENDER(PPRG),
175,BPPD,005/275/415.42/2020,43861,43861,UNDANGAN KOORDINASI PELAKSANAAN JOMBANG BERKADANG 2020,
176,DINAS KESEHATAN,005/830/415.17/2020,43860,43864,UNDANGAN KOORDINASI JAMPERSAL TAHUN 2020,IRBAN KEUANGAN
177,ARSADA,[P,43857,43864,UNDANGAN PELATIHAN IMPLEMENTASI PPK-BLUD,SEKRETARIS
178,DESA CARANGREJO,100/13/415/69.4/2020,43864,43864,PENGAJUAN PERMOHONAN WAKTU KONSULTASI,
179,BPKAD,0005/713/415.44/2020,43860,43864,UNDANGAN KOORDINASI TERKAIT PEMINDAHAN DINAS KESEHATAN KE BANGUNAN STIKES,
180,BKDPP,800/377/415.41/2020,43861,43865,PENYUSUNAN KEBUTUHAN PEGAWAI,KA SUB BAG UMUM
181,DPPKB,005/749/415.38/2020,43861,43865,UNDANGAN RAPAT KOORDINASI PENYUSUNAN RAPERDA PUG,KA SUB BAG PERENCANA
182,DPPKB,005/748/415.38/2020,43861,43865,UNDANGAN PENERIMAAN STUDY SHARING DARI DPPPA KAB SITUBONDO,IRBAN EKONOMI KESRA
183,BPPD,055/311/415.42/2020,43865,43865,UNDANGAN RAPAT PEMBAHASAN RENCANA PENGUATAN KINERJA DAN PENGANGGARAN  KECAMATAN,IRBAN PEMERINTAHAN
184,BPPD,005/299/415.42/2020,43864,43865,PENYAMPAIAN DISPOSISI RENCANA PELAKSANAAN DAN KEBUTUHAN ANGGARAN PROGRAM PRIORITAS BIDANG INSFRASTRUKTUR TAHUN 2021,IRBAN PEMBANGUNAN
185,BPPD,860/301/415.42/2020,43864,43865,PELPORAN ABSENSI ELEKTRONIK BAPPEDA JOMBANG,
186,DPRD KAB.JOMBANG,005/04/415.14/2020,43864,43865,UNDANGAN RAPAT PARIPURNA DPRD KABUPATEN JOMBANG,KA SUB BAG UMUM
187,INSPEKTORAT SIDOARJO,700/27/060/2020,43859,04 PEBRUARI 2020,INVENTARISASI PELAKSANAAN PP No. 72 Tahun 2019,KA SUB BAG UMUM
188,BAGIAN ADMINISTRASI PEREKONOMIAN,005/771/415.10.2.1/2020,3 FEBRUARU 2020,43865,UNDANGAN RAPAT KOORDINASI TINDAK LANJUT BERAS DAN APARATUR SIPIL NEGARA ASN ,IRBAN EKONOMI KESRA
189,BAGIAN ADMINISTRASI PEREKONOMIAN,005/043/415.10.2.1/2020,43861,43865,UNDANGAN MENERIMA KUNJUNGAN STUDI BANDING PEMERINTAH KABUPATEN KLATEN,IRBAN KEUANGAN
190,DINAS SOSIAL,032/526/415.20/2020,43860,43866,PERMOHONAN PENGHAPUSAN,IRBAN KEUANGAN
191,SATPOL PP,300/103/415.40/2020,43865,43866,SURAT PENGANTAR PERIHAL TAGIHAN TINDAK LANJUT HASIL EVALUASI SAKIP,
192,BPKAD,032/731/415.44/2020,43860,43866,PERCEPATAN PENYUSUNAN STANDART SATUAN HARGA 2021,KA SUB BAG PERENCANA
193,BAGIAN ADMINISTRASI PEMBANGUNAN,005/746/415.10.2.2/2020,43861,43866,PERMINTAAN DATA,KA SUB BAG UMUM
194,BAGIAN ADMINISTRASI PEREKONOMIAN,005/815/415.10.2.1/2020,43865,43866,UNDANGAN RAPAT KOORDINASI TERKAIT PENDATAAN CALON PELANGGAN JARINGAN GAS DAN BUMI,IRBAN EKONOMI KESRA
195,BAGIAN ADMINISTRASI PEREKONOMIAN,005/810/415.10.2.1/2020,43865,43866,UNDANGAN  SOSIALISASI ENTRY SIRUP TA 2020,KA SUB BAG UMUM
196,KECAMATAN SUMOBITO,800/074/415.68/2020,43866,43866,LAPORAN ABSENSI PEGAWAI KANTOR KECAMATAN SUMOBITO,
197,PT PATRIA PERSADA,0402/PP/ZK/JB/II/2020,43865,43866,PENAWARAN HARGA MESIN ABSENSI ZKTECO DAN HARGA COVER PELINDUNG,KA SUB BAG UMUM
198,KECAMATAN PETERONGAN,863/108/415.66/2020,43866,43866,LAPORAN DAFTAR HADIR BULAN JANUARI TH 2020,
199,DINAS PU DAN PENATAAN RUANG,610/136/415.18/2020,43845,43866,PERMOHONAN REKOMENDASI SANKSI DAFTAR HITAM,IRBAN PEMBANGUNAN
200,DINAS KEPENDUDUKAN DAN PENCATATAN SIPIL,800/296/415.39/2020,43865,43866,LAPORAN ABSENSI BULAN JANUARI 2020,
201,DESA SUMBERINGIN,141/40/415.62.08/2020,43866,43866,TEGURAN TERTULIS 1,IRBAN PEMERINTAHAN
202, DINAS KETAHANAN PANGAN DAN PERIKANAN,050/0316/415.28/2020,43864,43866,DOKUMEN TINDAK LANJUT HASIL EVALUASI SAKIP,
203,BKDPP,868/393/415.41/2020,43865,43867,"TEMBUSAN SURAT KEPUTUSAN BUPATI TENTANG PEMBERIAN IZIN PERCERAIAN PNS a.n MITRA PERMATASARI, S.Pd. SD",IRBAN PEMERINTAHAN
204,BKDPP,868/392/415.41/2020,43865,43867,TEMBUSAN SURAT KEPUTUSAN BUPATI TENTANG PEMBERIAN IZIN PERCERAIAN PNS a.n DIYANTO,IRBAN PEMERINTAHAN
205,KANTOR PELAYANAN PAJAK PRATAMA JOMBANG,S-232/WPJ.24/KP.16/2020,43844,43867,KEWAJIBAN PENYAMPAIAN SPT TAHUNAN PPh ORANG PRIBADI TAHUN PAJAK 2019,KA SUB BAG UMUM
206,BAGIAN ADMINISTRASI PEREKONOMIAN,005/771/415.10.2.1/2020,43864,43867,UNDANGAN RAPAT KOORDINASI TINDAK LANJUT BERAS DAN APARATUR SIPIL NEGARA ASN ,IRBAN EKONOMI KESRA
207, BAGIAN UMUM DAN PERLENGKAPAN,028/556/415.10.3.1/2020,43854,43868,PENGIRIMAN STEMPEL,KA SUB BAG UMUM
208,INSPEKTORAT SIDOARJO,700/271/060/2020,43859,43868,INVENTARISASI PELAKSANAAN PP No. 72 Tahun 2019,KA SUB BAG UMUM
209,BUPATI JOMBANG,474/7557/415.1.1/2020,43861,43868,SURAT EDARAN DUKUNGAN KEGIATAN SENSUS PENDUDUK 2020,SEKRETARIS
210,BPKAD,940/210/415.44/2020,43866,43868,LAPORAN POSISI KAS HARIAN,IRBAN KEUANGAN
211,KECAMATAN PERAK,800/60/415.56/2020,43867,43868,DAFTAR HADIR BULAN DESEMBER 2019 DAN JANUARI 2020,
212,BAPPEDA,860/1836/415.43/2020,43867,43868,LAPORAN PELAKSANAAN FINGERPRINT BAPPEDA,
213,KECAMATAN DIWEK,800/155/415.54/2020,43867,43868,LAPORAN DAFTAR HADIR KARYAWAN DAN KARYAWATI BULAN JANUARI 2020,
214,BAGIAN UMUM DAN PERLENGKAPAN,005/881/415.10.3.1/2020,43868,43868,UNDANGAN RAKOR SINKRONISASI RENCANA PEMBANGUNAN GEDUNG KANTOR KECAMATAN JOMBANG,IRBAN PEMBANGUNAN
215,DINAS PENANAMAN MODAL DAN PTSP,800/159/415.35/2020,43871,43871,LAPORAN ABSENSI DAN KEPEGAWAIAN BULAN JANUARI 2020,
216,BAGIAN PENGADAAN BARANG DAN JASA,100/909/415.10.2.3/2020,43868,43871,UNDANGAN SOSIALISASI JASA KONTRUKSI,IRBAN PEMBANGUNAN
217,BPKAD,940/224/415.44/2020,43867,43871,LAPORAN POSISI KAS HARIAN,
218,DESA JATIGEDONG KEC PLOSO,435/103/35.17.14.2005/2020,43871,43871,PEMERIKSAAN LPJ BUMDES,IRBAN KEUANGAN
219,PKPPD ,S-008/PKPPD/I/2020,43858,43871,UNDANGAN BIMTEK NASIONAL,SEKRETARIS
220,BKDPP,822/382.39/415.41/2020,43864,43871,"KENAIKAN GAJI BERKALA A.N JOKO KUNTO WIBISONO, SE",
221,RESORT JOMBANG,B/42/II/RES.3.3/2020/SATRESKRIM,43871,43871,PERMOHONAN PEMERIKSAAN AUDIT,
222,KECAMATAN JOMBANG,640/59a/415.53/2020,43861,43872,PERMOHONAN PROBITY AUDIT PERENCANAAN GEDUNG KANTOR,IRBAN PEMBANGUNAN
223,DINAS PMD,050/183/415.33/2020,43872,43872,FINGERPRINT BULAN JANUARI DPMD,
224,PD PERKEBUNAN PANGLUNGAN,879/02/415.52/2020,43867,43872,LAPORAN DAFTAR HADIR,
225,DINAS KESSEHATAN,005/983/415.17/2020,43872,43872,PERMOHONAN FGD,IRBAN KEUANGAN
226,DINAS PERUMAHAN DAN PERMUKIMAN,050/133/415.19/2020,43871,43872,PENUNTASAN REHABILITASI DRAINASE/TROTOAR,IRBAN PEMBANGUNAN
227,DINAS PERUMAHAN DAN PERMUKIMAN,050/138/415.19/2020,43872,43872,USULAN REKOMENDASI DAFTAR HITAM PENYEDIA BARANG/JASA,IRBAN PEMBANGUNAN
228,DINAS KESSEHATAN,005/983/415.17/2020,43872,43872,PERMOHONAN FGD,IRBAN KEUANGAN
229,DINAS PERHUBUNGAN,970/192/415.22/2020,43872,43873,SURAT PENGANTAR LAPORAN SPJ FUNGSIONAL BENDAHARA PENERIMA SKPD  PADA BULAN JANUARI 2020,
230,BAGIAN ADMINISTRASI PEMERINTAH,005/976/415.10.1.1/2020,43872,43873,JADWAL DESK PENYUSUNAN RANCANGAN AWAL LKPJ BUPATI JOMBANG TAHUN 2019,
231,DINAS PENANAMAN MODAL DAN PTSP,900/169/415.35/2020,43872,43873,LAPORAN REALISASI PENERIMAN RETRIBUSI DAERAH,
232,DINAS KETAHANAN PANGAN DAN PERIKANAN,800/0409/415.28/2020,43872,43873,LAPORAN DAFTAR HADIR ,
233,KECAMATAN NGUSIKAN,412.2/48/415.16.12/2020,43872,43873,LAPORAN ABSENSI,
234,DINAS PU DAN PENATAAN RUANG,800/347/4115.18/2020,43871,43871,DAFTAR HADIR DAN ABSENSI PEGAWAI,
235,DINAS PENDIDIKAN DAN KEBUDAYAAN,800/608/415.16/2020,43871,43873,PERMOHONAN IJIN CERAI AN. DINA ISROFILA.S.Pd.SD GURU SDN NGORO III,
236,BPKP PROVINSI,S-753/PW13/6/2020,43871,43874,PENDATAAN CALON PESERTA DIKLAT PEMBENTUKAN AUDITOR AHLI DAN AHLI PENJENJANGAN AUDITOR AHLI MUDA (JFA),KA SUB BAG UMUM
237,BPKAD,940/251/415.44/2020,43873,43874,LAPORAN POSISI KAS HARIAN,IRBAN KEUANGAN
238,SMPN BANDARKEDUNGMUULYO,800/378/415.16.5.19/2020,43869,43874,LAPORAN ABSENSI KEHADIRAN ASN BULAN JANUARI,
239,DINAS PENDIDIKAN DAN KEBUDAYAAN,008/583/415.16/2020,43867,43875,PERMOHONAN PEMBERHENTIAN SEMENTARA SEBAGAI PNS,IRBAN PEMERINTAH
240,"DINAS KEPEMUDAAN ,OLAHRAGA DAN PARIWISATA",556/237/415.25/2020,43874,43875,MENYERAHKAN GEDUNG,SEKRETARIS
241,DINAS PMD,414.2/836/415.33/2020,43866,43875,PENAGIHAN SISA PIUTANG DANA PED TAHUN 2002,IRBAN KEUANGAN
242,BPKP,S-248/DL/3/2020,43866,43875,PEMBERITAHUAN PENETAPAN PESERTA DIKLAT PENJENJANGAN AUDITOR MUDA DI LINGKUNGAN APIP SECARA E-LEARNING,SEKRETARIS
243,IKATAN AKUNTAN INDONESIA,0207/DE/IAI/II/2020,43868,43875,UNDANGAN YUDISIUM SERTIFIKASI AHLI AKUNTANSI PEMERINTAHAN (APIP),
244,RSUD,900/1015/415.47/2020,43871,43875,LAPORAN PENERIMAAN RSUD KAB JOMBANG,IRBAN KEUANGAN
245,DINAS PERUMAHAN DAN PERMUKIMAN,650/158/415.19/2020,43875,43875,REVIEW DAK PERUMAHAN TA 2020,IRBAN PEMBANGUNAN
246,ARSADA,132/ARSADA/UMUM/I/2020,43847,43875,UNDANGAN BIMBINGAN TEKNIS PPK-BLUD,SEKRETARIS
247,KEMENTRIAN PEKERJAAN UMUM PUSAT,PD.51/BIMTEK-PU/II/20,43864,43875,PENYELENGGARAAN BIMBINGAN TEKNIS DAN KONSULTASI NASIONAL PENGELOLAAN KEUANGAN DAERAH,SEKRETARIS
248,QUALIFIED GOVERMENT INTERNAL AUDITOR (QGIA),,43871,43878,UNDANGAN PELUNCURAN PERDANA PROGRAM SERTIFIKASI QUALIFIED GOVERMENT INTERNAL AUDITOR (QGIA),KA SUB BAG UMUM
249,BPKP PROVINSI,S-753/PW13/6/2020,43871,43878,PENDATAAN CALON PESERTA DIKLAT PEMBENTUKAN AUDITOR AHLI DAN AHLI PENJENJANGAN AUDITOR AHLI MUDA (JFA),KA SUB BAG UMUM
250,BKDPP,862.3/407/415.41/2020,43866,43878,"HUKUMAN DISIPLIN PNS A.N HERI PUJIONO, Amd. Kep",IRBAN PEMERINTAHAN
251,BKDPP,862.4/408/415.41/2020,43866,43878,HUKUMAN DISIPLIN PNS A.N Dr. FREEDY HERNAWAN,IRBAN PEMERINTAHAN
252,BKDPP,868/394/415.41/2020,43865,43878,TEMBUSAN SURAT KEPUTUSAN BUPATI,IRBAN PEMERINTAHAN
253,BKDPP,851/487/415/41/2020,43875,43878,"SURAT IZIN CUTI TAHUNAN a.n DWI ANITA MARETIKA SARI, SE",KA SUB BAG UMUM
254,BAGIAN ADMINISTRASI PEMBANGUNAN,005/1088/415.10.2.2/2020,43875,43878,UNDANGAN RAPAT FASILITASI DAN KOORDINASI PENYUSUNAN PEDOMAN PELAKSANAAN APBD TA 2021,IRBAN KEUANGAN
255,BAGIAN ADMINISTRASI PEREKONOMIAN,005/1123/415.10.2.1/2020,43878,43878,UNDANGAN RAKOR BERAS UNTUK APARATUR SIPIL NEGARA (ASN),IRBAN EKONOMI KESRA
256,RESORT JOMBANG,B/48/II/RES.3.3./2020/SATRESKRIM,43874,43878,PERMOHONAN PEMERIKSAAN AUDIT,
257,DINAS KOPERASI DAN USAHA MIKRO,800/289/415.26/2020,43872,43878,PENGIRIMAN REKAPITULASI ABSENSI,
258,DINAS KOMUNIKASI DAN INFORMATIKA,473.13/138/415.23/2020,43875,43878,PERMINTAAN DATA TENAGA OPERATOR,KA SUB BAG UMUM
259,KECAMATAN KABUH,800/89/415.62/2020,43878,43878,LAPORAN PRINT OUT FINGER PRINT,
260,DINAS TENAGA KERJA,870/366/415.21/2020,43878,43878,LAPORAN HASIL PEMBINAAN ASN. An. INDRA MARS PUTRANTO,IRBAN PEMERINTAHAN
261,BPPD,005/398/415.42/2020,43874,43878,UNDANGAN RAKOR PERSIAPAN PENYELENGGARAAN FORUM RENJA PD DALAM RKPD TAHUN 2021,KA SUB BAG PERENCANA
262,BPKAD,900/262/415.44/2020,43878,43878,DPA SATUAN KERJA PERANGKAT DAERAH KABUPAATEN JOMBANG TAHUN ANGGARAN 2020 (BERKAS DI BU TRIYA),KA SUB BAG UMUM
263,MEDIA ONLINE SURYAMOJO,002/RED/SRT-PP/SM/2020,43878,43878,PERMOHONAN BANTUAN,KA SUB BAG UMUM
264,BAGIAN HUMAS DAN PROTOKOL,005/1083/415.10.3.2/2020,43875,43878,UNDANGAN  BULAGA ( BUPATI MELAYANI WARGA ) TAHUN 2020,KA SUB BAG UMUM
265,DINAS PERDAGANGAN DAN PERINDUSTRIAN,005/783/415.15/2020,43878,43879,UNDANGAN FORUM RENJA 2021 DINAS PERDAGANGAN DAN PERINDUSTRIAN KABUPATEN JOMBANG,KA SUB BAG PERENCANA
266,BPKAD ,940/258/415.44/2020,43874,43879,LAPORAN POSISI KAS HARIAN,IRBAN KEUANGAN
267,ABPEDNAS,005/020/PAN.DEK/2/2020,43874,43879,DEKLARASI DAN PENGUKUHAN DEWAN PENGURUS CABANG ABPEDNAS KAB JOMBANG,SEKRETARIS
268,BAGIAN ADMINISTRASI PEREKONOMIAN,005/1166/415.10.2.1/2020,43879,43880,UNDANGAN STUDY INFORMASI BERAS UNTUK ASN DI KAB. JOMBANG,IRBAN EKONOMI KESRA
269,DESA JATIGEDONG KEC PLOSO,472/123/541.60.02/2020,43879,43880,BANTUAN PEMERIKSAAN LPJ BUMDES (PAD),IRBAN PEMERINTAHAN
270,GUB JATIM,800/275/203.6/2020,43874,43880,DALAM RANGKA TERTIB ADMINISTRASI DAN UPAYA MENYAMAKAN PERSEPDI PENYUSUNAN LAPORAN PERTANGGUNGJAWABAN PELAKSANAAN APBD TAHUN ANGGARAN 2019,IRBBAN KEUUANGAN
271,BKDPP,860/537/415.41/2020,43880,43880,PELAKSANAAN FINGERPRINT ONLINE DI LINGKUNGAN PEMERINTAH KABUPATEN JOMBANG,SEKRETARIS
272,DINAS PMD,005/202/415.33/2020,43880,43880,UNDANGAN KOORDINASI PELAKSANAAN PEMBANGUNAN DESA TAHUN 2020,IRBAN PEMBANGUNAN
273,BAGIAN ADMINISTRASI PEMERINTAH,005/1202/415.10.1/2020,43880,43881,UNDANGAN RAKOR SENSUS PENDUDUK 2020,IRBAN PEMERINTAHAN
274,SEKRETARIS DPRD,005/7/415.14/2020,43880,43881,UNDANGAN RAPAT PARIPURNA DPRD KABUPATEN JOMBANG,KA SUB BAG UMUM
275,BPPD,005/462/415.42/2020,43880,43881,UNDANGAN RAKOR DALAM RANGKA TINDAK LANJUT SURAT SEKDA PROVINSI JAWA TIMUR DAN PERSIAPAN TAHAPAN PELAKSANAAN PEMBANGUNAN/REVITALISASI PASAR RAKYAT PERAK DARI SSUMBER DANA BANTUAN KEUANGAN KHUSUS PROVINSI JAWA TIMUR,IRBAN EKONOMI KESRA
276,SATPOL PP,005/150/415.40/2020,43881,43881,UNDANGAN FORUM PERANGKAT DAERAH PENYUSUNAN RENCANA KERJA SATPOL PP TAHUN 2021,KA SUB BAG UMUM
277,BPPD,005/463/415.42/2020,43880,43881,UNDANGAN RAPAT PRMBAHASAN TINDAK LANJUT RENCANA PENGUATAN KINERJA DAN PENGANGGARAN KECCAMATAN DI KABUPATEN JOMBANG,IRBAN PEMERINTAHAN
278,GUB JATIM,005/2604/031.1/2020,43878,43881,RAKOR SINKRONISASI KLB KALDA KAB GARING KOTA SE JATIM,SEKRETARIS
279,BKDPP,005/581/415.41/2020,43881,43881,UNDANGAN FORUM PERANGKAT DAERAH PENYUSUNAN RENJA BKDPP 2021,KA SUB BAG PERENCANA
280,BAGIAN ADMINISTRASI KESRA,005/1162/415.10.1.2/2020,43879,43881,UNDANGAN GEMA SHOLAWAT BERSAMA HABIB AHMAD BIN ISMAIL ALAYDRUS DI KABUPATEN JOMBANG TAHUN 2020 (INSPEKTUR BERSAMA IBU),KA SUB BAG UMUM
281,DINAS PERPUSTAKAAN DAN ARSIP ,900/154/415.36/2020,43880,43881,DOKUMEN LKPD (BERKAS DI BU LELYTA),IRBAN KEEUANGAN
282,BAZNAS,005/B/BAZNAS-JBG/II/20,43871,43881,PENGIRIMAN BULETIN BERBAGI,KA SUB BAG UMUM
283,DINAS PERHUBUNGAN,551/239/415.22/2020,43881,43881,UNDANGAN FORUM RENJA PERANGKAT DAERAH DALAM RANGKA PENYUSUNAN RENJA DINAS PERHUBUNGAN TAHUN 2021,IRBAN PEMBANGUNAN
284,BAGIAN ORGANISASI,060/1214/415.10.3.3/2020,43880,43881,UNDANGAN PENANDATANGANAN PERJANJIAN KINERJA TAHUN 2020 DAN EVALUASI KINERJA TAHUN 2019,KA SUB BAG UMUM
285,BPK PERWAKILAN PROVINSI JAWA TIMUR,,43878,43881,SERAH TERIMA JABATAN KEPALA PERWAKILAN BPK PERWAKILAN PROVINSI JAWA TIMUR,KA SUB BAG UMUM
286,BAGIAN ADMINISTRASI KESRA,005/1163/415.10.1.2/2020,43879,43881,UNDANGAN GEMA SHOLAWAT BERSAMA HABIB AHMAD BIN ISMAIL ALAYDRUS DI KABUPATEN JOMBANG TAHUN 2020 (SELURUH PEJABAT STRUKTURAL DAN STAF YANG BERAGAMA ISLAM),KA SUB BAG UMUM
287,BKDPP,005/581/415.41/2020,43881,43881,UNDANGAN FORUM PERANGKAT DAERAH PENYUSUNAN RENJA BKDPP 2021,KA SUB BAG UMUM
288,BAGIAN ADMINISTRASI PEMERINTAH,005/1293/415.10.1.1/2020,43882,43851,UNDANGAN RAKOR PEMBAHASAN CAPAIAN INDIKATOR KINERJA KUNCI (IKK) DALAM RANGKA PENYUSUNAN LAPORAN PENYELENGGARAAN PEMERINTAH DAERAH TAHUN 2019,KA SUB BAG PERENCANA
289,BAGIAN ADMINISTRASI PEMERINTAH,005/1294/415.10.1.1/2020,43882,43882,"UNDANGAN RAKOR PEMBAHASAN PENGALIHAN PERSONIL, PENDANAAN, SARANA DAN PRASARANA SERTA DOKUMEN (P3D) TERMINAL KEPUHSARI",IRBAN PEMBANGUNAN
290,BAGIAN ORGANISASI,060/1214/415.10.3.3/2020,43880,43882,UNDANGAN PENANDATANGANAN PERJANJIAN KINERJA TAHUN 2020 DAN EVALUASI KINERJA TAHUN 2019,KA SUB BAG UMUM
291,DINAS PERUMAHAN DAN PERMUKIMAN,005/1299/415.19/2020,43882,43882,UNDANGAN RAKOR TERKAIT RENCANA TENDER/LELANG PAKET KEGIATAN REHABILITASI DRAINASE/TROTOAR JALAN Jl. KH. WAHID HASYIM,IRBAN PEMBANGUNAN
292,DINAS PERUMAHAN DAN PERMUKIMAN,005/1299/415.19/2020,43882,43882,UNDANGAN RAKOR TERKAIT ASET PEMERINTAH KABUPATEN YANG DIDIRIKAN BANGUNAN OLEH PERORANGAN/SWASTA,IRBAN KEUANGAN
293,BAGIAN ADMINISTRASI PEMBANGUNAN,005/1300/415.10.2.2/2020,43882,43882,UNDANGAN PEMBAHASAN KEGIATAN PEMBANGUNAN SARANA DAN PRASARANA KELURAHAN DAN PEMBERDAYAAN MASYARAKAT ,IRBAN PEMERINTAHAN
294,BPKAD,005/1304/415.44/2020,43882,43882,UNDANGAN DALAM RANGKA TINDAK LANJUT PEMBERIAN SURAT PENRINGATAN 1 DARI DINAS PERDAGANGAN DAN PERINDUSTRIAN,KA SUB BAG UMUM
295,BPKAD,005/1304/415.44/2020,43882,43882,UNDANGAN DALAM RANGKA TINDAK LANJUT PEMBERIAN SURAT PERINGATAN 1 DARI DINAS PERDAGANGAN DAN PERINDUSTRIAN (PEMBANTU KEUANGAN),IRBAN KEUANGAN
296,BPBD,005/237/415.46/2020,43882,43882,UNDANGAN FORUM RENCANA KERJA PERANGKAT DAERAH DALAM RANGKA PENYUSUNAN RENCANA KERJA PERANGKAT BPBD TAHUN 2021,IRBAN PEMBANGUNAN
297,BPPD,005/476/415.42/2020,43881,43882,UNDANGAN PERSIAPAN PAPARAN HARI SENIN DIHADIRI OLEH IBU BUPATI BERSAMA STAKEHOLDER,IRBAN PEMBANGUNAN
298,BPPD,005/479/415.42/2020,43881,43882,UNDANGAN FORUM RENJA PERANGKAT DAERAH BPPD KAB JOMBANG TAHUN 2021,KA SUB BAG PERENCANA
299,BPPD,005/480/415.42/2020,43881,43882,UNDANGAN RAPAT SINKRONISASI DAN KOORDINASI PELAKSANAAN FORUM PERANGKAT DAERAH,KA SUB BAG PERENCANA
300,LEMBAGA GOOD GOVERNANCE SUPPORT (GGS),0276/A.1/L-GGS/III/2020,43862,43882,UNDANGAN BIMTEK FRAUD AUDITING SEKTOR PUBLIK/PEMERINTAH,KA SUB BAG UMUM
301,BAGIAN ADMINISTRASI PEREKONOMIAN,005/1291/415.10.2.1/2020,43882,43882,UNDANGAN RAKOR BERAS UNTUK APARATUR SIPIL NEGARA (ASN),IRBAN EKONOMI KESRA
302,BAKESBANGPOL,005/1308/415.45/2020,43882,43882,UNDANGAN RAKOR CIPTA KONDISI KABUPATEN JOMBANG,SEKRETARIS
303,DINAS KESEHATAN,005/1427/415.17/2020,43881,43882,UNDANGAN FORUM RENJA PERANGKAT DALAM RANGKA PENYUSUNAN RENCANA KERJA DINAS KESEHATAN KABUPATEN JOMBANG 2021,EKO PRASETYO
